0;5;1;10; 
1;4,98233;1,02667;11,3766; 
2;4,96468;1,05329;12,6799; 
3;4,94707;1,07987;13,9155; 
4;4,92949;1,10641;15,0886; 
5;4,91194;1,1329;16,2036; 
6;4,89442;1,15935;17,2647; 
7;4,87693;1,18575;18,2756; 
8;4,85948;1,21211;19,2398; 
9;4,84205;1,23843;20,1604; 
10;4,82466;1,2647;21,0401; 
11;4,8073;1,29093;21,8817; 
12;4,78997;1,31712;22,6874; 
13;4,77267;1,34327;23,4595; 
14;4,7554;1,36937;24,2; 
15;4,73816;1,39543;24,9107; 
16;4,72096;1,42145;25,5934; 
17;4,70378;1,44743;26,2495; 
18;4,68664;1,47336;26,8807; 
19;4,66953;1,49925;27,4883; 
20;4,65245;1,52511;28,0735; 
21;4,6354;1,55091;28,6375; 
22;4,61838;1,57668;29,1813; 
23;4,6014;1,60241;29,7061; 
24;4,58444;1,62809;30,2128; 
25;4,56752;1,65373;30,7022; 
26;4,55063;1,67934;31,1753; 
27;4,53376;1,7049;31,6326; 
28;4,51694;1,73041;32,0751; 
29;4,50014;1,75589;32,5034; 
30;4,48337;1,78133;32,9181; 
31;4,46663;1,80673;33,3199; 
32;4,44993;1,83208;33,7093; 
33;4,43326;1,8574;34,0868; 
34;4,41661;1,88267;34,453; 
35;4,4;1,90791;34,8083; 
36;4,38342;1,9331;35,1532; 
37;4,36687;1,95825;35,4881; 
38;4,35036;1,98337;35,8134; 
39;4,33387;2,00844;36,1296; 
40;4,31742;2,03347;36,4369; 
41;4,301;2,05846;36,7357; 
42;4,2846;2,08342;37,0263; 
43;4,26824;2,10833;37,3091; 
44;4,25191;2,1332;37,5843; 
45;4,23562;2,15804;37,8522; 
46;4,21935;2,18283;38,1132; 
47;4,20311;2,20758;38,3673; 
48;4,18691;2,2323;38,615; 
49;4,17074;2,25697;38,8563; 
50;4,1546;2,28161;39,0916; 
51;4,13849;2,3062;39,321; 
52;4,12241;2,33076;39,5447; 
53;4,10636;2,35527;39,763; 
54;4,09034;2,37975;39,9759; 
55;4,07436;2,40419;40,1838; 
56;4,05841;2,42859;40,3867; 
57;4,04248;2,45295;40,5848; 
58;4,02659;2,47727;40,7782; 
59;4,01073;2,50155;40,9672; 
60;3,9949;2,52579;41,1518; 
61;3,97911;2,55;41,3322; 
62;3,96334;2,57416;41,5085; 
63;3,94761;2,59829;41,6808; 
64;3,9319;2,62238;41,8493; 
65;3,91623;2,64643;42,0141; 
66;3,90059;2,67044;42,1752; 
67;3,88498;2,69441;42,3328; 
68;3,8694;2,71834;42,487; 
69;3,85386;2,74224;42,6378; 
70;3,83834;2,76609;42,7854; 
71;3,82286;2,78991;42,9299; 
72;3,8074;2,81369;43,0714; 
73;3,79198;2,83743;43,2098; 
74;3,77659;2,86113;43,3454; 
75;3,76123;2,88479;43,4782; 
76;3,74591;2,90842;43,6082; 
77;3,73061;2,93201;43,7356; 
78;3,71534;2,95556;43,8603; 
79;3,70011;2,97907;43,9826; 
80;3,68491;3,00254;44,1024; 
81;3,66974;3,02598;44,2197; 
82;3,6546;3,04937;44,3348; 
83;3,63949;3,07273;44,4475; 
84;3,62441;3,09605;44,5581; 
85;3,60937;3,11934;44,6665; 
86;3,59435;3,14258;44,7727; 
87;3,57937;3,16579;44,8769; 
88;3,56442;3,18896;44,9791; 
89;3,54949;3,21209;45,0793; 
90;3,5346;3,23519;45,1776; 
91;3,51975;3,25824;45,274; 
92;3,50492;3,28126;45,3685; 
93;3,49012;3,30424;45,4613; 
94;3,47536;3,32718;45,5524; 
95;3,46063;3,35009;45,6417; 
96;3,44592;3,37296;45,7293; 
97;3,43125;3,39579;45,8154; 
98;3,41662;3,41858;45,8998; 
99;3,40201;3,44134;45,9826; 
100;3,38743;3,46406;46,064; 
101;3,37289;3,48674;46,1438; 
102;3,35837;3,50938;46,2222; 
103;3,34389;3,53199;46,2991; 
104;3,32944;3,55456;46,3746; 
105;3,31502;3,57709;46,4488; 
106;3,30063;3,59958;46,5216; 
107;3,28627;3,62204;46,5931; 
108;3,27194;3,64446;46,6633; 
109;3,25765;3,66684;46,7322; 
110;3,24339;3,68919;46,7999; 
111;3,22915;3,7115;46,8664; 
112;3,21495;3,73377;46,9317; 
113;3,20078;3,756;46,9958; 
114;3,18664;3,7782;47,0588; 
115;3,17254;3,80036;47,1207; 
116;3,15846;3,82249;47,1815; 
117;3,14442;3,84457;47,2412; 
118;3,1304;3,86662;47,2998; 
119;3,11642;3,88864;47,3574; 
120;3,10247;3,91061;47,414; 
121;3,08855;3,93255;47,4696; 
122;3,07466;3,95445;47,5242; 
123;3,06081;3,97632;47,5778; 
124;3,04698;3,99815;47,6305; 
125;3,03319;4,01994;47,6823; 
126;3,01942;4,04169;47,7331; 
127;3,00569;4,06341;47,7831; 
128;2,99199;4,08509;47,8322; 
129;2,97832;4,10674;47,8804; 
130;2,96469;4,12835;47,9278; 
131;2,95108;4,14992;47,9743; 
132;2,9375;4,17146;48,02; 
133;2,92396;4,19295;48,0649; 
134;2,91045;4,21442;48,1091; 
135;2,89697;4,23584;48,1524; 
136;2,88352;4,25723;48,195; 
137;2,8701;4,27858;48,2368; 
138;2,85671;4,2999;48,2779; 
139;2,84335;4,32118;48,3183; 
140;2,83003;4,34242;48,3579; 
141;2,81674;4,36363;48,3969; 
142;2,80347;4,3848;48,4351; 
143;2,79024;4,40594;48,4727; 
144;2,77704;4,42703;48,5096; 
145;2,76388;4,4481;48,5458; 
146;2,75074;4,46912;48,5814; 
147;2,73763;4,49011;48,6164; 
148;2,72456;4,51106;48,6507; 
149;2,71151;4,53198;48,6844; 
150;2,6985;4,55286;48,7175; 
151;2,68552;4,57371;48,75; 
152;2,67257;4,59451;48,782; 
153;2,65966;4,61529;48,8133; 
154;2,64677;4,63602;48,844; 
155;2,63391;4,65672;48,8742; 
156;2,62109;4,67738;48,9039; 
157;2,6083;4,69801;48,933; 
158;2,59554;4,7186;48,9615; 
159;2,5828;4,73916;48,9895; 
160;2,57011;4,75968;49,017; 
161;2,55744;4,78016;49,044; 
162;2,5448;4,80061;49,0705; 
163;2,5322;4,82102;49,0964; 
164;2,51962;4,8414;49,1219; 
165;2,50708;4,86174;49,1469; 
166;2,49457;4,88204;49,1714; 
167;2,48209;4,90231;49,1954; 
168;2,46964;4,92254;49,219; 
169;2,45722;4,94274;49,2421; 
170;2,44484;4,9629;49,2647; 
171;2,43248;4,98302;49,2869; 
172;2,42016;5,00311;49,3087; 
173;2,40787;5,02316;49,33; 
174;2,39561;5,04318;49,3509; 
175;2,38338;5,06316;49,3713; 
176;2,37118;5,08311;49,3914; 
177;2,35901;5,10302;49,411; 
178;2,34688;5,12289;49,4302; 
179;2,33477;5,14273;49,449; 
180;2,3227;5,16254;49,4674; 
181;2,31066;5,1823;49,4854; 
182;2,29865;5,20203;49,5031; 
183;2,28667;5,22173;49,5203; 
184;2,27472;5,24139;49,5372; 
185;2,26281;5,26102;49,5537; 
186;2,25092;5,28061;49,5698; 
187;2,23907;5,30016;49,5856; 
188;2,22724;5,31968;49,601; 
189;2,21545;5,33916;49,616; 
190;2,20369;5,35861;49,6307; 
191;2,19196;5,37802;49,6451; 
192;2,18027;5,3974;49,6591; 
193;2,1686;5,41674;49,6727; 
194;2,15697;5,43604;49,6861; 
195;2,14536;5,45531;49,6991; 
196;2,13379;5,47455;49,7117; 
197;2,12225;5,49375;49,7241; 
198;2,11074;5,51291;49,7361; 
199;2,09926;5,53204;49,7478; 
200;2,08781;5,55113;49,7592; 
201;2,0764;5,57019;49,7703; 
202;2,06501;5,58921;49,7811; 
203;2,05366;5,6082;49,7916; 
204;2,04234;5,62715;49,8018; 
205;2,03105;5,64607;49,8116; 
206;2,01979;5,66495;49,8212; 
207;2,00856;5,68379;49,8306; 
208;1,99736;5,7026;49,8396; 
209;1,9862;5,72138;49,8483; 
210;1,97506;5,74012;49,8568; 
211;1,96396;5,75882;49,865; 
212;1,95289;5,77749;49,8729; 
213;1,94185;5,79613;49,8805; 
214;1,93084;5,81473;49,8879; 
215;1,91986;5,83329;49,895; 
216;1,90892;5,85182;49,9018; 
217;1,898;5,87032;49,9084; 
218;1,88712;5,88877;49,9147; 
219;1,87627;5,9072;49,9208; 
220;1,86544;5,92559;49,9266; 
221;1,85465;5,94394;49,9322; 
222;1,8439;5,96226;49,9375; 
223;1,83317;5,98054;49,9426; 
224;1,82247;5,99879;49,9474; 
225;1,81181;6,01701;49,952; 
226;1,80117;6,03518;49,9564; 
227;1,79057;6,05333;49,9605; 
228;1,78;6,07144;49,9644; 
229;1,76946;6,08951;49,9681; 
230;1,75895;6,10755;49,9715; 
231;1,74848;6,12555;49,9747; 
232;1,73803;6,14352;49,9777; 
233;1,72762;6,16145;49,9805; 
234;1,71723;6,17935;49,983; 
235;1,70688;6,19722;49,9853; 
236;1,69656;6,21505;49,9875; 
237;1,68627;6,23284;49,9893; 
238;1,67602;6,2506;49,991; 
239;1,66579;6,26833;49,9925; 
240;1,65559;6,28602;49,9938; 
241;1,64543;6,30367;49,9948; 
242;1,6353;6,32129;49,9957; 
243;1,6252;6,33888;49,9963; 
244;1,61513;6,35643;49,9968; 
245;1,60509;6,37394;49,997; 
246;1,59508;6,39142;49,9971; 
247;1,5851;6,40887;49,997; 
248;1,57516;6,42628;49,9966; 
249;1,56524;6,44366;49,9961; 
250;1,55536;6,461;49,9954; 
251;1,54551;6,47831;49,9945; 
252;1,53569;6,49558;49,9934; 
253;1,5259;6,51282;49,9921; 
254;1,51615;6,53002;49,9906; 
255;1,50642;6,54719;49,989; 
256;1,49673;6,56433;49,9872; 
257;1,48706;6,58142;49,9852; 
258;1,47743;6,59849;49,983; 
259;1,46783;6,61552;49,9806; 
260;1,45826;6,63252;49,9781; 
261;1,44872;6,64948;49,9754; 
262;1,43922;6,6664;49,9725; 
263;1,42974;6,68329;49,9694; 
264;1,4203;6,70015;49,9662; 
265;1,41088;6,71697;49,9628; 
266;1,4015;6,73376;49,9592; 
267;1,39215;6,75052;49,9555; 
268;1,38283;6,76724;49,9516; 
269;1,37354;6,78392;49,9475; 
270;1,36429;6,80057;49,9433; 
271;1,35506;6,81719;49,9389; 
272;1,34587;6,83377;49,9344; 
273;1,33671;6,85031;49,9297; 
274;1,32758;6,86683;49,9248; 
275;1,31848;6,8833;49,9198; 
276;1,30941;6,89975;49,9146; 
277;1,30037;6,91616;49,9093; 
278;1,29136;6,93253;49,9038; 
279;1,28239;6,94887;49,8981; 
280;1,27345;6,96518;49,8924; 
281;1,26453;6,98145;49,8864; 
282;1,25565;6,99769;49,8803; 
283;1,2468;7,01389;49,8741; 
284;1,23798;7,03006;49,8677; 
285;1,2292;7,04619;49,8612; 
286;1,22044;7,06229;49,8545; 
287;1,21172;7,07836;49,8477; 
288;1,20302;7,09439;49,8407; 
289;1,19436;7,11038;49,8336; 
290;1,18573;7,12635;49,8263; 
291;1,17713;7,14228;49,819; 
292;1,16857;7,15817;49,8114; 
293;1,16003;7,17403;49,8038; 
294;1,15152;7,18985;49,7959; 
295;1,14305;7,20565;49,788; 
296;1,13461;7,2214;49,7799; 
297;1,12619;7,23712;49,7717; 
298;1,11781;7,25281;49,7633; 
299;1,10947;7,26847;49,7549; 
300;1,10115;7,28409;49,7462; 
301;1,09286;7,29967;49,7375; 
302;1,08461;7,31523;49,7286; 
303;1,07638;7,33074;49,7196; 
304;1,06819;7,34623;49,7104; 
305;1,06003;7,36168;49,7012; 
306;1,0519;7,37709;49,6918; 
307;1,0438;7,39247;49,6822; 
308;1,03573;7,40782;49,6726; 
309;1,0277;7,42313;49,6628; 
310;1,01969;7,43841;49,6529; 
311;1,01172;7,45365;49,6428; 
312;1,00378;7,46886;49,6327; 
313;0,995868;7,48404;49,6224; 
314;0,987989;7,49918;49,612; 
315;0,980141;7,51429;49,6014; 
316;0,972324;7,52937;49,5908; 
317;0,964539;7,54441;49,58; 
318;0,956784;7,55941;49,5691; 
319;0,949061;7,57438;49,5581; 
320;0,94137;7,58932;49,547; 
321;0,933709;7,60423;49,5357; 
322;0,92608;7,6191;49,5243; 
323;0,918483;7,63393;49,5129; 
324;0,910916;7,64874;49,5012; 
325;0,903381;7,6635;49,4895; 
326;0,895877;7,67824;49,4777; 
327;0,888405;7,69294;49,4657; 
328;0,880963;7,7076;49,4537; 
329;0,873553;7,72224;49,4415; 
330;0,866175;7,73684;49,4292; 
331;0,858827;7,7514;49,4168; 
332;0,851511;7,76593;49,4043; 
333;0,844226;7,78043;49,3916; 
334;0,836973;7,79489;49,3789; 
335;0,829751;7,80932;49,366; 
336;0,82256;7,82371;49,3531; 
337;0,8154;7,83808;49,34; 
338;0,808272;7,8524;49,3268; 
339;0,801175;7,8667;49,3135; 
340;0,794109;7,88096;49,3001; 
341;0,787075;7,89518;49,2866; 
342;0,780072;7,90937;49,273; 
343;0,7731;7,92353;49,2592; 
344;0,766159;7,93766;49,2454; 
345;0,75925;7,95175;49,2315; 
346;0,752372;7,9658;49,2174; 
347;0,745525;7,97983;49,2033; 
348;0,73871;7,99382;49,189; 
349;0,731926;8,00777;49,1746; 
350;0,725173;8,02169;49,1602; 
351;0,718452;8,03558;49,1456; 
352;0,711761;8,04944;49,1309; 
353;0,705102;8,06326;49,1162; 
354;0,698475;8,07704;49,1013; 
355;0,691879;8,0908;49,0863; 
356;0,685314;8,10452;49,0712; 
357;0,67878;8,1182;49,056; 
358;0,672277;8,13185;49,0407; 
359;0,665806;8,14547;49,0254; 
360;0,659367;8,15906;49,0099; 
361;0,652958;8,17261;48,9943; 
362;0,646581;8,18612;48,9786; 
363;0,640235;8,19961;48,9628; 
364;0,63392;8,21306;48,9469; 
365;0,627637;8,22647;48,9309; 
366;0,621385;8,23986;48,9149; 
367;0,615164;8,25321;48,8987; 
368;0,608975;8,26652;48,8824; 
369;0,602816;8,2798;48,866; 
370;0,59669;8,29305;48,8495; 
371;0,590594;8,30627;48,833; 
372;0,58453;8,31945;48,8163; 
373;0,578497;8,33259;48,7995; 
374;0,572495;8,34571;48,7827; 
375;0,566525;8,35879;48,7657; 
376;0,560585;8,37184;48,7487; 
377;0,554678;8,38485;48,7315; 
378;0,548801;8,39783;48,7143; 
379;0,542956;8,41078;48,697; 
380;0,537142;8,42369;48,6795; 
381;0,531359;8,43657;48,662; 
382;0,525608;8,44941;48,6444; 
383;0,519888;8,46222;48,6267; 
384;0,514199;8,475;48,6089; 
385;0,508542;8,48775;48,591; 
386;0,502916;8,50046;48,573; 
387;0,497321;8,51314;48,5549; 
388;0,491757;8,52578;48,5367; 
389;0,486225;8,53839;48,5185; 
390;0,480724;8,55097;48,5001; 
391;0,475254;8,56352;48,4817; 
392;0,469816;8,57603;48,4631; 
393;0,464409;8,58851;48,4445; 
394;0,459033;8,60095;48,4258; 
395;0,453689;8,61336;48,407; 
396;0,448375;8,62574;48,3881; 
397;0,443094;8,63808;48,3691; 
398;0,437843;8,65039;48,35; 
399;0,432624;8,66267;48,3308; 
400;0,427436;8,67491;48,3116; 
401;0,422279;8,68712;48,2922; 
402;0,417154;8,6993;48,2728; 
403;0,412059;8,71144;48,2532; 
404;0,406997;8,72355;48,2336; 
405;0,401965;8,73563;48,2139; 
406;0,396965;8,74767;48,1941; 
407;0,391996;8,75968;48,1742; 
408;0,387058;8,77166;48,1543; 
409;0,382152;8,78361;48,1342; 
410;0,377277;8,79552;48,114; 
411;0,372433;8,80739;48,0938; 
412;0,367621;8,81924;48,0735; 
413;0,362839;8,83105;48,0531; 
414;0,358089;8,84282;48,0326; 
415;0,353371;8,85457;48,012; 
416;0,348684;8,86628;47,9913; 
417;0,344028;8,87796;47,9706; 
418;0,339403;8,8896;47,9497; 
419;0,334809;8,90121;47,9288; 
420;0,330247;8,91279;47,9078; 
421;0,325717;8,92433;47,8867; 
422;0,321217;8,93584;47,8655; 
423;0,316749;8,94732;47,8442; 
424;0,312312;8,95877;47,8228; 
425;0,307906;8,97018;47,8014; 
426;0,303532;8,98156;47,7799; 
427;0,299189;8,9929;47,7582; 
428;0,294877;9,00421;47,7365; 
429;0,290597;9,01549;47,7148; 
430;0,286347;9,02674;47,6929; 
431;0,28213;9,03795;47,6709; 
432;0,277943;9,04913;47,6489; 
433;0,273788;9,06028;47,6268; 
434;0,269664;9,07139;47,6045; 
435;0,265571;9,08247;47,5823; 
436;0,26151;9,09352;47,5599; 
437;0,25748;9,10453;47,5374; 
438;0,253481;9,11551;47,5149; 
439;0,249513;9,12646;47,4922; 
440;0,245577;9,13737;47,4695; 
441;0,241672;9,14825;47,4467; 
442;0,237799;9,1591;47,4238; 
443;0,233956;9,16992;47,4009; 
444;0,230145;9,1807;47,3778; 
445;0,226366;9,19145;47,3547; 
446;0,222617;9,20216;47,3315; 
447;0,2189;9,21285;47,3082; 
448;0,215214;9,2235;47,2848; 
449;0,21156;9,23411;47,2613; 
450;0,207936;9,2447;47,2377; 
451;0,204344;9,25525;47,2141; 
452;0,200784;9,26576;47,1904; 
453;0,197254;9,27625;47,1666; 
454;0,193756;9,2867;47,1427; 
455;0,190289;9,29712;47,1187; 
456;0,186854;9,3075;47,0947; 
457;0,18345;9,31786;47,0706; 
458;0,180077;9,32818;47,0464; 
459;0,176735;9,33846;47,0221; 
460;0,173425;9,34872;46,9977; 
461;0,170146;9,35894;46,9732; 
462;0,166898;9,36912;46,9487; 
463;0,163682;9,37928;46,924; 
464;0,160497;9,3894;46,8993; 
465;0,157343;9,39949;46,8745; 
466;0,15422;9,40955;46,8497; 
467;0,151129;9,41957;46,8247; 
468;0,148069;9,42956;46,7997; 
469;0,145041;9,43952;46,7746; 
470;0,142043;9,44944;46,7494; 
471;0,139077;9,45933;46,7241; 
472;0,136142;9,46919;46,6987; 
473;0,133239;9,47902;46,6733; 
474;0,130367;9,48881;46,6477; 
475;0,127526;9,49857;46,6221; 
476;0,124716;9,50829;46,5964; 
477;0,121938;9,51799;46,5706; 
478;0,119191;9,52765;46,5448; 
479;0,116475;9,53728;46,5188; 
480;0,113791;9,54687;46,4928; 
481;0,111138;9,55644;46,4667; 
482;0,108516;9,56596;46,4405; 
483;0,105926;9,57546;46,4143; 
484;0,103366;9,58493;46,3879; 
485;0,100838;9,59436;46,3615; 
486;0,0983418;9,60376;46,335; 
487;0,0958764;9,61312;46,3084; 
488;0,0934424;9,62245;46,2817; 
489;0,0910397;9,63175;46,2549; 
490;0,0886682;9,64102;46,2281; 
491;0,0863281;9,65026;46,2012; 
492;0,0840192;9,65946;46,1742; 
493;0,0817417;9,66863;46,1471; 
494;0,0794954;9,67776;46,1199; 
495;0,0772804;9,68687;46,0927; 
496;0,0750968;9,69594;46,0653; 
497;0,0729444;9,70497;46,0379; 
498;0,0708233;9,71398;46,0104; 
499;0,0687335;9,72295;45,9829; 
500;0,066675;9,73189;45,9552; 
501;0,0646478;9,7408;45,9275; 
502;0,0626519;9,74967;45,8996; 
503;0,0606873;9,75851;45,8717; 
504;0,058754;9,76732;45,8437; 
505;0,056852;9,7761;45,8157; 
506;0,0549813;9,78484;45,7875; 
507;0,0531418;9,79355;45,7593; 
508;0,0513337;9,80223;45,731; 
509;0,0495569;9,81088;45,7026; 
510;0,0478113;9,81949;45,6741; 
511;0,0460971;9,82807;45,6455; 
512;0,0444141;9,83662;45,6169; 
513;0,0427625;9,84513;45,5882; 
514;0,0411421;9,85361;45,5594; 
515;0,039553;9,86206;45,5305; 
516;0,0379953;9,87048;45,5015; 
517;0,0364688;9,87886;45,4724; 
518;0,0349736;9,88721;45,4433; 
519;0,0335097;9,89553;45,4141; 
520;0,0320771;9,90382;45,3848; 
521;0,0306759;9,91207;45,3554; 
522;0,0293059;9,92029;45,3259; 
523;0,0279671;9,92848;45,2964; 
524;0,0266597;9,93664;45,2667; 
525;0,0253836;9,94476;45,237; 
526;0,0241388;9,95285;45,2072; 
527;0,0229253;9,96091;45,1773; 
528;0,0217431;9,96893;45,1474; 
529;0,0205921;9,97693;45,1173; 
530;0,0194725;9,98489;45,0872; 
531;0,0183842;9,99282;45,057; 
532;0,0173271;10,0007;45,0267; 
533;0,0163014;10,0086;44,9963; 
534;0,0153069;10,0164;44,9658; 
535;0,0143437;10,0242;44,9353; 
536;0,0134119;10,032;44,9046; 
537;0,0125113;10,0397;44,8739; 
538;0,011642;10,0474;44,8431; 
539;0,010804;10,0551;44,8122; 
540;0,00999736;10,0627;44,7813; 
541;0,00922197;10,0703;44,7502; 
542;0,00847788;10,0779;44,7191; 
543;0,00776508;10,0854;44,6878; 
544;0,00708358;10,0929;44,6565; 
545;0,00643337;10,1004;44,6252; 
546;0,00581446;10,1078;44,5937; 
547;0,00522684;10,1152;44,5621; 
548;0,00467052;10,1226;44,5305; 
549;0,00414549;10,13;44,4988; 
550;0,00365176;10,1373;44,4669; 
551;0,00318932;10,1445;44,4351; 
552;0,00275818;10,1518;44,4031; 
553;0,00235833;10,159;44,371; 
554;0,00198978;10,1662;44,3389; 
555;0,00165252;10,1733;44,3066; 
556;0,00134656;10,1804;44,2743; 
557;0,0010719;10,1875;44,2419; 
558;0,000828531;10,1946;44,2094; 
559;0,000616457;10,2016;44,1768; 
560;0,00043568;10,2086;44,1442; 
561;0,000286202;10,2155;44,1114; 
562;0,000168025;10,2225;44,0786; 
563;8,12E-05;10,2294;44,0457; 
564;2,57E-05;10,2362;44,0127; 
565;2,12E-06;10,243;43,9796; 
566;-3,64E-06;10,2498;43,9464; 
567;-3,64E-06;10,2566;43,9134; 
568;-3,64E-06;10,2634;43,8803; 
569;-3,64E-06;10,2702;43,8473; 
570;-3,64E-06;10,277;43,8144; 
571;-3,64E-06;10,2838;43,7815; 
572;-3,64E-06;10,2906;43,7487; 
573;-3,64E-06;10,2974;43,7159; 
574;-3,64E-06;10,3042;43,6832; 
575;-3,64E-06;10,311;43,6506; 
576;-3,64E-06;10,3178;43,6179; 
577;-3,64E-06;10,3246;43,5854; 
578;-3,64E-06;10,3313;43,5529; 
579;-3,64E-06;10,3381;43,5204; 
580;-3,64E-06;10,3449;43,488; 
581;-3,64E-06;10,3517;43,4557; 
582;-3,64E-06;10,3585;43,4234; 
583;-3,64E-06;10,3653;43,3912; 
584;-3,64E-06;10,372;43,359; 
585;-3,64E-06;10,3788;43,3268; 
586;-3,64E-06;10,3856;43,2948; 
587;-3,64E-06;10,3924;43,2627; 
588;-3,64E-06;10,3991;43,2307; 
589;-3,64E-06;10,4059;43,1988; 
590;-3,64E-06;10,4127;43,1669; 
591;-3,64E-06;10,4195;43,1351; 
592;-3,64E-06;10,4262;43,1033; 
593;-3,64E-06;10,433;43,0716; 
594;-3,64E-06;10,4398;43,0399; 
595;-3,64E-06;10,4465;43,0083; 
596;-3,64E-06;10,4533;42,9767; 
597;-3,64E-06;10,4601;42,9452; 
598;-3,64E-06;10,4668;42,9137; 
599;-3,64E-06;10,4736;42,8823; 
600;-3,64E-06;10,4804;42,851; 
601;-3,64E-06;10,4871;42,8196; 
602;-3,64E-06;10,4939;42,7884; 
603;-3,64E-06;10,5007;42,7571; 
604;-3,64E-06;10,5074;42,726; 
605;-3,64E-06;10,5142;42,6949; 
606;-3,64E-06;10,5209;42,6638; 
607;-3,64E-06;10,5277;42,6328; 
608;-3,64E-06;10,5344;42,6018; 
609;-3,64E-06;10,5412;42,5709; 
610;-3,64E-06;10,5479;42,54; 
611;-3,64E-06;10,5547;42,5092; 
612;-3,64E-06;10,5615;42,4784; 
613;-3,64E-06;10,5682;42,4477; 
614;-3,64E-06;10,575;42,417; 
615;-3,64E-06;10,5817;42,3864; 
616;-3,64E-06;10,5884;42,3558; 
617;-3,64E-06;10,5952;42,3252; 
618;-3,64E-06;10,6019;42,2948; 
619;-3,64E-06;10,6087;42,2643; 
620;-3,64E-06;10,6154;42,2339; 
621;-3,64E-06;10,6222;42,2036; 
622;-3,64E-06;10,6289;42,1733; 
623;-3,64E-06;10,6356;42,143; 
624;-3,64E-06;10,6424;42,1128; 
625;-3,64E-06;10,6491;42,0827; 
626;-3,64E-06;10,6559;42,0526; 
627;-3,64E-06;10,6626;42,0225; 
628;-3,64E-06;10,6693;41,9925; 
629;-3,64E-06;10,6761;41,9626; 
630;-3,64E-06;10,6828;41,9326; 
631;-3,64E-06;10,6895;41,9028; 
632;-3,64E-06;10,6962;41,873; 
633;-3,64E-06;10,703;41,8432; 
634;-3,64E-06;10,7097;41,8135; 
635;-3,64E-06;10,7164;41,7838; 
636;-3,64E-06;10,7232;41,7541; 
637;-3,64E-06;10,7299;41,7245; 
638;-3,64E-06;10,7366;41,695; 
639;-3,64E-06;10,7433;41,6655; 
640;-3,64E-06;10,7501;41,6361; 
641;-3,64E-06;10,7568;41,6067; 
642;-3,64E-06;10,7635;41,5773; 
643;-3,64E-06;10,7702;41,548; 
644;-3,64E-06;10,7769;41,5187; 
645;-3,64E-06;10,7836;41,4895; 
646;-3,64E-06;10,7904;41,4603; 
647;-3,64E-06;10,7971;41,4312; 
648;-3,64E-06;10,8038;41,4021; 
649;-3,64E-06;10,8105;41,373; 
650;-3,64E-06;10,8172;41,344; 
651;-3,64E-06;10,8239;41,3151; 
652;-3,64E-06;10,8306;41,2862; 
653;-3,64E-06;10,8373;41,2573; 
654;-3,64E-06;10,844;41,2285; 
655;-3,64E-06;10,8508;41,1997; 
656;-3,64E-06;10,8575;41,171; 
657;-3,64E-06;10,8642;41,1423; 
658;-3,64E-06;10,8709;41,1137; 
659;-3,64E-06;10,8776;41,0851; 
660;-3,64E-06;10,8843;41,0565; 
661;-3,64E-06;10,891;41,028; 
662;-3,64E-06;10,8977;40,9995; 
663;-3,64E-06;10,9044;40,9711; 
664;-3,64E-06;10,9111;40,9427; 
665;-3,64E-06;10,9178;40,9144; 
666;-3,64E-06;10,9245;40,8861; 
667;-3,64E-06;10,9312;40,8578; 
668;-3,64E-06;10,9378;40,8296; 
669;-3,64E-06;10,9445;40,8015; 
670;-3,64E-06;10,9512;40,7733; 
671;-3,64E-06;10,9579;40,7453; 
672;-3,64E-06;10,9646;40,7172; 
673;-3,64E-06;10,9713;40,6892; 
674;-3,64E-06;10,978;40,6613; 
675;-3,64E-06;10,9847;40,6334; 
676;-3,64E-06;10,9914;40,6055; 
677;-3,64E-06;10,998;40,5777; 
678;-3,64E-06;11,0047;40,5499; 
679;-3,64E-06;11,0114;40,5222; 
680;-3,64E-06;11,0181;40,4945; 
681;-3,64E-06;11,0248;40,4668; 
682;-3,64E-06;11,0314;40,4392; 
683;-3,64E-06;11,0381;40,4116; 
684;-3,64E-06;11,0448;40,3841; 
685;-3,64E-06;11,0515;40,3566; 
686;-3,64E-06;11,0582;40,3292; 
687;-3,64E-06;11,0648;40,3017; 
688;-3,64E-06;11,0715;40,2744; 
689;-3,64E-06;11,0782;40,2471; 
690;-3,64E-06;11,0848;40,2198; 
691;-3,64E-06;11,0915;40,1925; 
692;-3,64E-06;11,0982;40,1653; 
693;-3,64E-06;11,1049;40,1382; 
694;-3,64E-06;11,1115;40,1111; 
695;-3,64E-06;11,1182;40,084; 
696;-3,64E-06;11,1248;40,0569; 
697;-3,64E-06;11,1315;40,0299; 
698;-3,64E-06;11,1382;40,003; 
699;-3,64E-06;11,1448;39,9761; 
700;-3,64E-06;11,1515;39,9492; 
701;-3,64E-06;11,1582;39,9224; 
702;-3,64E-06;11,1648;39,8956; 
703;-3,64E-06;11,1715;39,8688; 
704;-3,64E-06;11,1781;39,8421; 
705;-3,64E-06;11,1848;39,8154; 
706;-3,64E-06;11,1914;39,7888; 
707;-3,64E-06;11,1981;39,7622; 
708;-3,64E-06;11,2048;39,7356; 
709;-3,64E-06;11,2114;39,7091; 
710;-3,64E-06;11,2181;39,6826; 
711;-3,64E-06;11,2247;39,6562; 
712;-3,64E-06;11,2314;39,6298; 
713;-3,64E-06;11,238;39,6034; 
714;-3,64E-06;11,2447;39,5771; 
715;-3,64E-06;11,2513;39,5508; 
716;-3,64E-06;11,2579;39,5246; 
717;-3,64E-06;11,2646;39,4984; 
718;-3,64E-06;11,2712;39,4722; 
719;-3,64E-06;11,2779;39,4461; 
720;-3,64E-06;11,2845;39,42; 
721;-3,64E-06;11,2912;39,3939; 
722;-3,64E-06;11,2978;39,3679; 
723;-3,64E-06;11,3044;39,3419; 
724;-3,64E-06;11,3111;39,316; 
725;-3,64E-06;11,3177;39,2901; 
726;-3,64E-06;11,3243;39,2642; 
727;-3,64E-06;11,331;39,2384; 
728;-3,64E-06;11,3376;39,2126; 
729;-3,64E-06;11,3442;39,1869; 
730;-3,64E-06;11,3509;39,1612; 
731;-3,64E-06;11,3575;39,1355; 
732;-3,64E-06;11,3641;39,1099; 
733;-3,64E-06;11,3708;39,0843; 
734;-3,64E-06;11,3774;39,0587; 
735;-3,64E-06;11,384;39,0332; 
736;-3,64E-06;11,3906;39,0077; 
737;-3,64E-06;11,3973;38,9822; 
738;-3,64E-06;11,4039;38,9568; 
739;-3,64E-06;11,4105;38,9315; 
740;-3,64E-06;11,4171;38,9061; 
741;-3,64E-06;11,4238;38,8808; 
742;-3,64E-06;11,4304;38,8556; 
743;-3,64E-06;11,437;38,8303; 
744;-3,64E-06;11,4436;38,8051; 
745;-3,64E-06;11,4502;38,78; 
746;-3,64E-06;11,4568;38,7549; 
747;-3,64E-06;11,4635;38,7298; 
748;-3,64E-06;11,4701;38,7048; 
749;-3,64E-06;11,4767;38,6797; 
750;-3,64E-06;11,4833;38,6548; 
751;-3,64E-06;11,4899;38,6298; 
752;-3,64E-06;11,4965;38,6049; 
753;-3,64E-06;11,5031;38,5801; 
754;-3,64E-06;11,5097;38,5552; 
755;-3,64E-06;11,5163;38,5305; 
756;-3,64E-06;11,5229;38,5057; 
757;-3,64E-06;11,5295;38,481; 
758;-3,64E-06;11,5362;38,4563; 
759;-3,64E-06;11,5428;38,4316; 
760;-3,64E-06;11,5494;38,407; 
761;-3,64E-06;11,556;38,3825; 
762;-3,64E-06;11,5626;38,3579; 
763;-3,64E-06;11,5692;38,3334; 
764;-3,64E-06;11,5758;38,3089; 
765;-3,64E-06;11,5824;38,2845; 
766;-3,64E-06;11,5889;38,2601; 
767;-3,64E-06;11,5955;38,2357; 
768;-3,64E-06;11,6021;38,2114; 
769;-3,64E-06;11,6087;38,1871; 
770;-3,64E-06;11,6153;38,1628; 
771;-3,64E-06;11,6219;38,1386; 
772;-3,64E-06;11,6285;38,1144; 
773;-3,64E-06;11,6351;38,0902; 
774;-3,64E-06;11,6417;38,0661; 
775;-3,64E-06;11,6483;38,042; 
776;-3,64E-06;11,6549;38,018; 
777;-3,64E-06;11,6614;37,9939; 
778;-3,64E-06;11,668;37,97; 
779;-3,64E-06;11,6746;37,946; 
780;-3,64E-06;11,6812;37,9221; 
781;-3,64E-06;11,6878;37,8982; 
782;-3,64E-06;11,6944;37,8743; 
783;-3,64E-06;11,7009;37,8505; 
784;-3,64E-06;11,7075;37,8267; 
785;-3,64E-06;11,7141;37,803; 
786;-3,64E-06;11,7207;37,7793; 
787;-3,64E-06;11,7272;37,7556; 
788;-3,64E-06;11,7338;37,7319; 
789;-3,64E-06;11,7404;37,7083; 
790;-3,64E-06;11,747;37,6847; 
791;-3,64E-06;11,7535;37,6612; 
792;-3,64E-06;11,7601;37,6377; 
793;-3,64E-06;11,7667;37,6142; 
794;-3,64E-06;11,7733;37,5907; 
795;-3,64E-06;11,7798;37,5673; 
796;-3,64E-06;11,7864;37,5439; 
797;-3,64E-06;11,793;37,5206; 
798;-3,64E-06;11,7995;37,4973; 
799;-3,64E-06;11,8061;37,474; 
800;-3,64E-06;11,8126;37,4507; 
801;-3,64E-06;11,8192;37,4275; 
802;-3,64E-06;11,8258;37,4043; 
803;-3,64E-06;11,8323;37,3811; 
804;-3,64E-06;11,8389;37,358; 
805;-3,64E-06;11,8455;37,3349; 
806;-3,64E-06;11,852;37,3119; 
807;-3,64E-06;11,8586;37,2888; 
808;-3,64E-06;11,8651;37,2658; 
809;-3,64E-06;11,8717;37,2429; 
810;-3,64E-06;11,8782;37,2199; 
811;-3,64E-06;11,8848;37,197; 
812;-3,64E-06;11,8913;37,1742; 
813;-3,64E-06;11,8979;37,1513; 
814;-3,64E-06;11,9044;37,1285; 
815;-3,64E-06;11,911;37,1058; 
816;-3,64E-06;11,9175;37,083; 
817;-3,64E-06;11,9241;37,0603; 
818;-3,64E-06;11,9306;37,0376; 
819;-3,64E-06;11,9372;37,015; 
820;-3,64E-06;11,9437;36,9924; 
821;-3,64E-06;11,9503;36,9698; 
822;-3,64E-06;11,9568;36,9472; 
823;-3,64E-06;11,9633;36,9247; 
824;-3,64E-06;11,9699;36,9022; 
825;-3,64E-06;11,9764;36,8798; 
826;-3,64E-06;11,983;36,8573; 
827;-3,64E-06;11,9895;36,8349; 
828;-3,64E-06;11,996;36,8126; 
829;-3,64E-06;12,0026;36,7902; 
830;-3,64E-06;12,0091;36,7679; 
831;-3,64E-06;12,0156;36,7457; 
832;-3,64E-06;12,0222;36,7234; 
833;-3,64E-06;12,0287;36,7012; 
834;-3,64E-06;12,0352;36,679; 
835;-3,64E-06;12,0418;36,6569; 
836;-3,64E-06;12,0483;36,6347; 
837;-3,64E-06;12,0548;36,6127; 
838;-3,64E-06;12,0614;36,5906; 
839;-3,64E-06;12,0679;36,5686; 
840;-3,64E-06;12,0744;36,5466; 
841;-3,64E-06;12,0809;36,5246; 
842;-3,64E-06;12,0875;36,5026; 
843;-3,64E-06;12,094;36,4807; 
844;-3,64E-06;12,1005;36,4589; 
845;-3,64E-06;12,107;36,437; 
846;-3,64E-06;12,1135;36,4152; 
847;-3,64E-06;12,1201;36,3934; 
848;-3,64E-06;12,1266;36,3716; 
849;-3,64E-06;12,1331;36,3499; 
850;-3,64E-06;12,1396;36,3282; 
851;-3,64E-06;12,1461;36,3065; 
852;-3,64E-06;12,1526;36,2849; 
853;-3,64E-06;12,1592;36,2633; 
854;-3,64E-06;12,1657;36,2417; 
855;-3,64E-06;12,1722;36,2201; 
856;-3,64E-06;12,1787;36,1986; 
857;-3,64E-06;12,1852;36,1771; 
858;-3,64E-06;12,1917;36,1556; 
859;-3,64E-06;12,1982;36,1342; 
860;-3,64E-06;12,2047;36,1128; 
861;-3,64E-06;12,2112;36,0914; 
862;-3,64E-06;12,2177;36,07; 
863;-3,64E-06;12,2242;36,0487; 
864;-3,64E-06;12,2307;36,0274; 
865;-3,64E-06;12,2372;36,0062; 
866;-3,64E-06;12,2437;35,9849; 
867;-3,64E-06;12,2502;35,9637; 
868;-3,64E-06;12,2567;35,9425; 
869;-3,64E-06;12,2632;35,9214; 
870;-3,64E-06;12,2697;35,9003; 
871;-3,64E-06;12,2762;35,8792; 
872;-3,64E-06;12,2827;35,8581; 
873;-3,64E-06;12,2892;35,8371; 
874;-3,64E-06;12,2957;35,8161; 
875;-3,64E-06;12,3022;35,7951; 
876;-3,64E-06;12,3087;35,7741; 
877;-3,64E-06;12,3152;35,7532; 
878;-3,64E-06;12,3217;35,7323; 
879;-3,64E-06;12,3282;35,7114; 
880;-3,64E-06;12,3347;35,6906; 
881;-3,64E-06;12,3412;35,6698; 
882;-3,64E-06;12,3476;35,649; 
883;-3,64E-06;12,3541;35,6282; 
884;-3,64E-06;12,3606;35,6075; 
885;-3,64E-06;12,3671;35,5868; 
886;-3,64E-06;12,3736;35,5661; 
887;-3,64E-06;12,3801;35,5455; 
888;-3,64E-06;12,3865;35,5248; 
889;-3,64E-06;12,393;35,5043; 
890;-3,64E-06;12,3995;35,4837; 
891;-3,64E-06;12,406;35,4631; 
892;-3,64E-06;12,4125;35,4426; 
893;-3,64E-06;12,4189;35,4222; 
894;-3,64E-06;12,4254;35,4017; 
895;-3,64E-06;12,4319;35,3813; 
896;-3,64E-06;12,4384;35,3609; 
897;-3,64E-06;12,4448;35,3405; 
898;-3,64E-06;12,4513;35,3201; 
899;-3,64E-06;12,4578;35,2998; 
900;-3,64E-06;12,4642;35,2795; 
901;-3,64E-06;12,4707;35,2593; 
902;-3,64E-06;12,4772;35,239; 
903;-3,64E-06;12,4836;35,2188; 
904;-3,64E-06;12,4901;35,1986; 
905;-3,64E-06;12,4966;35,1784; 
906;-3,64E-06;12,503;35,1583; 
907;-3,64E-06;12,5095;35,1382; 
908;-3,64E-06;12,516;35,1181; 
909;-3,64E-06;12,5224;35,0981; 
910;-3,64E-06;12,5289;35,078; 
911;-3,64E-06;12,5354;35,058; 
912;-3,64E-06;12,5418;35,0381; 
913;-3,64E-06;12,5483;35,0181; 
914;-3,64E-06;12,5547;34,9982; 
915;-3,64E-06;12,5612;34,9783; 
916;-3,64E-06;12,5676;34,9584; 
917;-3,64E-06;12,5741;34,9386; 
918;-3,64E-06;12,5805;34,9187; 
919;-3,64E-06;12,587;34,899; 
920;-3,64E-06;12,5935;34,8792; 
921;-3,64E-06;12,5999;34,8594; 
922;-3,64E-06;12,6064;34,8397; 
923;-3,64E-06;12,6128;34,82; 
924;-3,64E-06;12,6193;34,8004; 
925;-3,64E-06;12,6257;34,7807; 
926;-3,64E-06;12,6321;34,7611; 
927;-3,64E-06;12,6386;34,7415; 
928;-3,64E-06;12,645;34,722; 
929;-3,64E-06;12,6515;34,7024; 
930;-3,64E-06;12,6579;34,6829; 
931;-3,64E-06;12,6644;34,6634; 
932;-3,64E-06;12,6708;34,644; 
933;-3,64E-06;12,6772;34,6245; 
934;-3,64E-06;12,6837;34,6051; 
935;-3,64E-06;12,6901;34,5857; 
936;-3,64E-06;12,6966;34,5664; 
937;-3,64E-06;12,703;34,547; 
938;-3,64E-06;12,7094;34,5277; 
939;-3,64E-06;12,7159;34,5084; 
940;-3,64E-06;12,7223;34,4892; 
941;-3,64E-06;12,7287;34,4699; 
942;-3,64E-06;12,7352;34,4507; 
943;-3,64E-06;12,7416;34,4315; 
944;-3,64E-06;12,748;34,4124; 
945;-3,64E-06;12,7545;34,3932; 
946;-3,64E-06;12,7609;34,3741; 
947;-3,64E-06;12,7673;34,355; 
948;-3,64E-06;12,7737;34,336; 
949;-3,64E-06;12,7802;34,3169; 
950;-3,64E-06;12,7866;34,2979; 
951;-3,64E-06;12,793;34,2789; 
952;-3,64E-06;12,7994;34,26; 
953;-3,64E-06;12,8059;34,241; 
954;-3,64E-06;12,8123;34,2221; 
955;-3,64E-06;12,8187;34,2032; 
956;-3,64E-06;12,8251;34,1843; 
957;-3,64E-06;12,8315;34,1655; 
958;-3,64E-06;12,8379;34,1467; 
959;-3,64E-06;12,8444;34,1279; 
960;-3,64E-06;12,8508;34,1091; 
961;-3,64E-06;12,8572;34,0904; 
962;-3,64E-06;12,8636;34,0716; 
963;-3,64E-06;12,87;34,0529; 
964;-3,64E-06;12,8764;34,0342; 
965;-3,64E-06;12,8828;34,0156; 
966;-3,64E-06;12,8893;33,997; 
967;-3,64E-06;12,8957;33,9784; 
968;-3,64E-06;12,9021;33,9598; 
969;-3,64E-06;12,9085;33,9412; 
970;-3,64E-06;12,9149;33,9227; 
971;-3,64E-06;12,9213;33,9042; 
972;-3,64E-06;12,9277;33,8857; 
973;-3,64E-06;12,9341;33,8672; 
974;-3,64E-06;12,9405;33,8488; 
975;-3,64E-06;12,9469;33,8304; 
976;-3,64E-06;12,9533;33,812; 
977;-3,64E-06;12,9597;33,7936; 
978;-3,64E-06;12,9661;33,7752; 
979;-3,64E-06;12,9725;33,7569; 
980;-3,64E-06;12,9789;33,7386; 
981;-3,64E-06;12,9853;33,7203; 
982;-3,64E-06;12,9917;33,7021; 
983;-3,64E-06;12,9981;33,6839; 
984;-3,64E-06;13,0045;33,6656; 
985;-3,64E-06;13,0109;33,6475; 
986;-3,64E-06;13,0173;33,6293; 
987;-3,64E-06;13,0237;33,6112; 
988;-3,64E-06;13,0301;33,593; 
989;-3,64E-06;13,0364;33,5749; 
990;-3,64E-06;13,0428;33,5569; 
991;-3,64E-06;13,0492;33,5388; 
992;-3,64E-06;13,0556;33,5208; 
993;-3,64E-06;13,062;33,5028; 
994;-3,64E-06;13,0684;33,4848; 
995;-3,64E-06;13,0748;33,4668; 
996;-3,64E-06;13,0812;33,4489; 
997;-3,64E-06;13,0875;33,431; 
998;-3,64E-06;13,0939;33,4131; 
999;-3,64E-06;13,1003;33,3952; 
